{
  "Author": "That one kid",
  "Compatibility": "Compatible",
  "DefuserDifficulty": "Easy",
  "Description": "Sleep on the buttons until they equal the right display. Tags: sleep, displays, buttons, x, y, z",
  "ExpertDifficulty": "VeryEasy",
  "ModuleID": "zleepy",
  "MysteryModule": "MustNotBeKey",
  "Name": "zzz",
  "Origin": "Mods",
  "Published": "2022-02-16",
  "SortKey": "ZZZ",
  "SourceUrl": "https://github.com/Kbushra/KtaneZleepy",
  "SteamID": "2755532612",
  "Symbol": "Zlp",
  "TutorialVideoUrl": { "default": "https://www.youtube.com/watch?v=AcPDuIAq7kg" },
  "Type": "Needy"
}